user-id,tags
3000,Film|Sports
3001,Fashion|Gala|Praise
3002,Race|Holiday|Law|Expo
3003,Fashion|Health|Appearance
3004,Game|Home|Rally
3005,Course
3006,Rally|Networking|Music|Spirituality
3007,Art|Screening|Conference|Church
3008,Food|Film|Product
3009,Class|Auto|Hobbies|Holiday
3010,Tour|Gala
3011,Community|Cause
3012,Fashion|Leadership|Social
3013,Sport|Health|Expo|Fitness
3014,Science|Game|Cause
3015,Certificate
3016,Sports|Seminar|Certificate
3017,Home|Seminar|Family|Government
3018,Product|Home
3019,Machine|Rally|Finance
3020,Lifestyle|Seminar|Festival|Art
3021,Other|Screening
3022,Tour|Appearance|Convention|Fashion
3023,Other|Club
3024,Celebration|Spirituality|Course
3025,Lifestyle|Food|Law|Art
3026,Game|Fitness|Machine|Gala
3027,Film|History|Convention|Health
3028,Film
3029,Ministries|Sports|Family|Holiday
3030,Holiday|Film
3031,Ministries
3032,Night|Club|Dinner
3033,Gala
3034,Praise|Spring
3035,Community|Rally|Film
3036,Performance|Film|Game
3037,Party|Festival
3038,Night|Government|Other
3039,Culture|Product|Celebration|Business
3040,Festival|History|Gobierno|Air
3041,Gobierno|Tour|Finance
3042,Retreat|Boat
3043,Spring|Admission|Game
3044,Rally|Law|Travel
3045,Air|Law
3046,Other|Media|Workshop
3047,Business|Rally
3048,Ministries|Rally
3049,Holiday|Game|Workshop
3050,Home|Cause
3051,Convention|Tour|Travel
3052,Air|History|Appearance
3053,Broadcast
3054,Social|Tech|Music
3055,Law|Holiday
3056,Sports|Night|Course
3057,Game
3058,Charity|Ministries|Hobbies
3059,College|Music
3060,Government|Other|Drink|Travel
3061,Night
3062,Broadcast|Expo|Media
3063,Auto
3064,Food|Dinner|Cause
3065,Game
3066,Class|Finance|Charity
3067,Media|Race|Adventure
3068,Tech|Business
3069,Tour|Course
3070,Education|Street|Convention
3071,Park|Church|Course|Music
3072,Education|Music|Community
3073,Boat
3074,Celebration|Home
3075,Tour|Sports|Law|Music
3076,Church|Boat|Leadership|Law
3077,Conference|Family
3078,Seminar
3079,Festival|Appearance|Lifestyle|Certificate
3080,Tech|Ministries
3081,Lifestyle|Workshop
3082,Seminar
3083,Business|Art|Race|Government
3084,Leadership|Home|Party|Convention
3085,Business|Appearance|Auto|Networking
3086,Game|Appearance
3087,Adventure|Holiday|Celebration
3088,Dinner|Auto|Night|Drink
3089,Finance|Culture
3090,Tour|Film|Seminar|Travel
3091,Hobbies|Ministries|Product|Performance
3092,Class|Food
3093,Auto|Family|Rally
3094,Screening
3095,Music|Law|Tournament
3096,Social|Machine
3097,Tour|Media|College|Networking
3098,Media|Convention|Travel
3099,Fitness|Praise|Business
3100,Product
3101,Street|Finance
3102,Food|Appearance|Cause
3103,Air|Art|Screening|History
3104,Broadcast|Machine|Government
3105,Networking|Race|Education|Course
3106,Home|Fitness
3107,Performance
3108,Law|Dinner|Performance
3109,Ministries|Adventure
3110,Screening|Race|Spring
3111,Food|Street|Gala
3112,Street|College|Law|Culture
3113,Social|Performance|Machine|Night
3114,Festival|Appearance
3115,Broadcast
3116,Home|Park
3117,Performance|Tournament|Finance
3118,Sports|Gobierno|Government
3119,Seminar|Broadcast
3120,Church
3121,Ministries|Government
3122,Tournament
3123,Government|Street
3124,Spring|Product|Boat|Attraction
3125,Fitness
3126,Education|Attraction|Family|Gobierno
3127,Adventure|Park|Seminar
3128,Spirituality|Screening
3129,Screening
3130,Product
3131,Course|Gobierno
3132,College|Food
3133,Convention
3134,Networking|Sport
3135,Praise|Course
3136,Adventure
3137,Broadcast
3138,Dinner|Fitness|Machine|Class
3139,Business
3140,Rally|Lifestyle|Rally
3141,Game|Class|Church
3142,Health|Other|Adventure
3143,Sport|Business
3144,Charity
3145,Family|Home|Broadcast
3146,Rally
3147,Gobierno|Sports
3148,Family|History|Holiday
3149,Science
3150,Sport|Tournament|Party|Ministries
3151,Appearance
3152,College|Rally|Food|Admission
3153,Adventure
3154,Church
3155,Charity|Other
3156,Ministries
3157,College|Education|Race|Spirituality
3158,Praise|Attraction
3159,Culture|Race|Finance
3160,Tour|Art
3161,Admission|Fashion|Club|Art
3162,Leadership|Appearance
3163,Hobbies|Race|Boat
3164,Race|Education|Workshop|Charity
3165,Spirituality|Social|Performance|Party
3166,Gobierno|Law
3167,Travel|Festival
3168,Law|Attraction|Fitness|Film
3169,Fitness|Business|Culture|Certificate
3170,Admission
3171,Church
3172,Fitness|Park
3173,Certificate
3174,Science|Boat
3175,Media
3176,Festival|Fitness|Boat|Seminar
3177,Spring|Church|Machine|Culture
3178,Outdoor
3179,Film|Film|Spirituality
3180,College|Broadcast
3181,Spring|Adventure|Rally|Charity
3182,Social
3183,Finance|Festival|Broadcast|Finance
3184,Night|Street|Workshop
3185,History|Spirituality|Social|Government
3186,Tech
3187,Night|Dinner|Conference
3188,Health|Product|Course
3189,Conference|Science|Finance
3190,Music|Spirituality|Course|Family
3191,Class|Travel
3192,Fitness|Party|Travel
3193,Street|Science|Fitness|Ministries
3194,Travel|Praise|Party
3195,Lifestyle|Health
3196,Lifestyle
3197,Science|Class
3198,Retreat|Fitness|Product|Park
3199,Sports|Dinner
3200,Festival|Tournament
3201,Culture
3202,Air|Club
3203,Outdoor
3204,Air
3205,Boat
3206,Workshop|Conference|Night
3207,Ministries|Performance|Health
3208,Lifestyle|Tournament
3209,Dinner|Lifestyle
3210,Gobierno|Boat|History|Rally
3211,Street|Fitness|Course
3212,Family
3213,Holiday|Praise|Certificate|Seminar
3214,Family|Appearance
3215,Street
3216,Auto
3217,Product|Appearance
3218,Praise|Celebration|Retreat|Art
3219,Auto
3220,Gobierno|Hobbies|Tech|History
3221,Race
3222,Travel|Education|Media
3223,Sports|Product
3224,History|Machine
3225,Auto|Film
3226,Ministries|Course|College|Tour
3227,Performance
3228,Seminar|Street|Hobbies|Art
3229,Business|Expo|Expo|Spirituality
3230,Family
3231,Broadcast|Adventure
3232,Product|Class|Boat|Street
3233,Party|Workshop
3234,Spirituality|Food|Party
3235,Retreat|Business|Government|Screening
3236,Home|Conference|Screening|Business
3237,Travel|Game
3238,Workshop|Retreat
3239,Machine|Government|Machine
3240,Business|Education|College
3241,Product|Game
3242,Food|College|Drink|History
3243,Education|Appearance
3244,Air|Certificate|Community|Seminar
3245,Convention
3246,Seminar|Appearance|Club|Networking
3247,Hobbies|Tournament|Other|Holiday
3248,Expo|Outdoor|Retreat
3249,Spirituality
3250,Drink|Sport|Workshop
3251,Night|Gobierno|Broadcast|Film
3252,Conference
3253,Rally|Culture|Health
3254,Community|Tour
3255,Holiday|Street
3256,Finance|Sports|Charity
3257,Food|Park
3258,Performance|Expo|Street|Media
3259,Dinner|Appearance|Ministries
3260,Home
3261,Law|Cause|Fitness|Spirituality
3262,Gala
3263,Networking|History|Travel|Sport
3264,Spring|Club|Gobierno
3265,Workshop|Tech|Broadcast|Education
3266,Social|Club|Health
3267,Celebration|Holiday|Home
3268,Cause|Cause|Celebration
3269,Law|Appearance
3270,Charity|Culture|Culture|Spring
3271,Appearance|Media|Film
3272,Product|Ministries
3273,Adventure|Adventure|Travel
3274,Retreat|Fitness|Tour
3275,Festival|Attraction|Family
3276,Sport|Gobierno|Night|Course
3277,Film
3278,Science|Food|Charity|Travel
3279,Celebration|Celebration|Outdoor|History
3280,Praise|Fitness|College|Race
3281,Course
3282,Tech
3283,Hobbies|Outdoor|Screening|Gala
3284,Retreat|Spring|Education|Tournament
3285,Adventure|Celebration|Education
3286,Game|Social|Drink|Food
3287,Networking|Park
3288,Retreat
3289,Tour|Community
3290,Sports
3291,Home|Auto|Praise
3292,Leadership|Spring|Film|Charity
3293,Dinner|Machine|Workshop
3294,Attraction|Screening|Club
3295,Other
3296,Game|Sport
3297,Tour|Seminar
3298,Tournament|Ministries|Networking
3299,Spring|Performance|Other
3300,Gobierno|Attraction|Party|Business
3301,Convention|Course|Retreat|Praise
3302,Gobierno|Media|Adventure
3303,Street
3304,Tour
3305,Drink|Media|Screening
3306,Game
3307,Performance|Hobbies|Night
3308,Seminar|Leadership|Night|Game
3309,Night|Music|Appearance|Education
3310,Course|Leadership|Night|Charity
3311,Holiday|Sport|Adventure
3312,Retreat
3313,Broadcast|Education|Course
3314,Auto
3315,Education|Drink|Home
3316,Drink|Street|Home
3317,Class|Finance
3318,Class|Cause|Night
3319,Rally
3320,Gobierno|Church|Networking|Culture
3321,Convention|Finance
3322,Conference|Community|Game|Park
3323,Party|Food|Cause|Holiday
3324,Boat|Night
3325,Culture|Tour|Spring
3326,Park|Expo|Night|Ministries
3327,Air|Retreat|Music
3328,Party
3329,Tech|Networking
3330,Club|Law|Dinner
3331,Park|Celebration|Conference|College
3332,Family
3333,Workshop|Auto
3334,Course
3335,Family|Tour
3336,Retreat
3337,Class|Other|Finance|Ministries
3338,Conference|Business|Boat
3339,Club
3340,Charity|Fashion
3341,Family|Tour|Networking
3342,Street
3343,Ministries|Praise
3344,Gobierno
3345,Street|Media|Dinner
3346,Boat
3347,Sports|Cause
3348,Business
3349,Broadcast
3350,Spring|Media|Holiday|Convention
3351,Business|Music|Gala|Celebration
3352,Retreat
3353,Retreat|Broadcast
3354,Home|Tournament
3355,Game|Art|Course
3356,Science
3357,Church
3358,Tech|Course|Outdoor
3359,Science
3360,Tech|Community|Conference
3361,Networking|Culture
3362,Street|Screening|History
3363,Media|Gobierno|Appearance|Tour
3364,Sports|Seminar|Night
3365,Gala|Appearance|Other
3366,Holiday|Hobbies|Government
3367,Course|Film|Club|Community
3368,Race|Seminar
3369,Conference
3370,Praise|Media|Travel
3371,Charity|Sport
3372,Networking
3373,Fitness|Spirituality|Retreat|Course
3374,Retreat|Community
3375,Rally|Park
3376,Screening
3377,Tournament|Travel|Government
3378,Music|Social|Celebration|Drink
3379,Performance
3380,History|Film|Finance
3381,Boat|Tournament|Retreat|Race
3382,Night|Drink
3383,Law|Government
3384,Product
3385,Culture|Music|Certificate|Cause
3386,Fitness|Festival|Home
3387,Tech
3388,Film|Social
3389,Hobbies|Food|Air
3390,Hobbies
3391,Screening
3392,Drink|Finance|Gobierno
3393,Rally
3394,History|Product
3395,History
3396,Holiday|Class
3397,Product|Media
3398,Broadcast|Race
3399,Home|Fitness|History
3400,Workshop|Celebration
3401,Culture
3402,Air
3403,Rally|Gala|Class
3404,Air|Seminar
3405,Boat|Cause|Certificate|Auto
3406,Appearance|Adventure|Seminar|Cause
3407,Sport
3408,Party
3409,Health|Tour|Art|Conference
3410,Night|Fashion|Government|Game
3411,Gala|Cause|Certificate|Sport
3412,Family|Admission|Seminar
3413,Broadcast|Sport|Law
3414,Game|Film|Law
3415,Seminar
3416,Tech
3417,Culture
3418,Tour|Lifestyle
3419,Class|Gala
3420,Club|Media
3421,Tech|Park
3422,Admission
3423,Charity
3424,Outdoor|Boat|Game
3425,Machine|Expo|Attraction
3426,Workshop|Education
3427,Other|Expo
3428,Certificate|Social
3429,College|Boat|Broadcast
3430,Networking
3431,Workshop|Tournament|Spirituality
3432,Praise
3433,Community
3434,Praise|Air
3435,College|Night
3436,Admission|Sport|History
3437,History|Networking|Tournament|Education
3438,Performance
3439,Club|Adventure
3440,Science|Certificate
3441,Gala|Drink|Sport
3442,Community|Ministries|Sports
3443,Dinner|Health
3444,Other|Tournament
3445,Spring|Science|Art
3446,Drink
3447,Celebration|College
3448,Expo|Culture|Broadcast
3449,Game|Leadership
3450,Law|Appearance|Leadership|Praise
3451,Boat|Outdoor|Cause|History
3452,Travel|Home|Fitness
3453,Seminar|Music
3454,Night|Food|Celebration
3455,Rally|Night
3456,Performance|Home|Finance|Social
3457,Air|Charity|Praise
3458,Finance
3459,College|Tour
3460,Spirituality|Science|Government
3461,Performance
3462,Admission
3463,Drink|Gobierno|Fashion|Cause
3464,Conference|Broadcast|Party|Charity
3465,Music|Gala|Home
3466,Finance|Appearance|Sport
3467,Night|Admission|Spring|History
3468,Workshop|Machine
3469,Fashion|Charity
3470,Travel
3471,Adventure|Park
3472,Game
3473,Party
3474,Club
3475,Race|Networking|Outdoor
3476,Convention|Night|Dinner
3477,Drink
3478,Music|Retreat|Night
3479,Gala
3480,Screening|Science
3481,Spring|Finance|Party|Broadcast
3482,Air
3483,Social|Health|Praise
3484,Dinner|Art|Sport
3485,Culture|Race|Food|Outdoor
3486,Retreat|Street
3487,Broadcast
3488,Spring|Spirituality
3489,Adventure
3490,Charity|Government
3491,Food|Outdoor|Product
3492,Adventure|Gala|Community
3493,Party|Dinner|Celebration|Course
3494,Food
3495,Culture
3496,College|Air|Art
3497,Air|Film
3498,Art
3499,Community|Performance|History
