url,title,date,time,price,tags,State/City
https://www.eventbrite.com/e/soca-in-park-slope-redemption-tickets-59744525484?aff=ebdssbdestsearch,SOCA IN PARK SLOPE REDEMPTION,"Sat, Apr 6, 2019",10:30 PM – 4:30 AM EDT,$0 – $20,"Party,Music",New York
https://www.eventbrite.com/e/ceg-presents-golden-gate-wingmen-john-kadlecik-jeff-chimenti-jay-lane-reed-mathis-tickets-55941759308?aff=ebdssbdestsearch,"CEG Presents Golden Gate Wingmen - John Kadlecik, Jeff Chimenti, Jay Lane,...","Sat, April 13, 2019",6:30 PM – 10:00 PM EDT,$35 – $50,"Performance,Music",New York
https://www.eventbrite.com/e/hbks-haus-of-vibes-tickets-57672082752?aff=ebdssbdestsearch,HBK'S HAUS OF VIBES,"Fri, Apr 26, 2019",8:00 PM – 2:00 AM EDT,$40 – $150,"Performance,Film,Media",New York
https://www.eventbrite.com/e/sister-act-cast-b-broadway-workshop-project-broadway-2019-main-stage-tickets-58442165089?aff=ebdssbdestsearch,SISTER ACT - CAST B - Broadway Workshop & Project Broadway 2019 Main Stage,"Sat, May 4, 2019",8:00 PM – 10:30 PM EDT,$25 – $40,"Performance,Arts",New York
https://www.eventbrite.com/e/open-house-at-the-banana-farm-tickets-52667836918?aff=ebdssbdestsearch,Open House at the Banana Farm,"Thu, May 2, 2019",7:00 PM – 8:30 PM EDT,Free,"Party,Food,Drink",New York
https://www.eventbrite.com/e/john-moses-photography-pro-photo-ops-saturday-only-tickets-59349120818?aff=ebdssbdestsearch,John Moses Photography Pro Photo Ops - SATURDAY ONLY,"Sat, April 6, 2019",10:00 AM – 3:00 PM EDT,$30 – $75,"Other,Sports,Fitness",New York
https://www.eventbrite.com/e/radio-woodstock-presentsturkuaz-with-brass-against-tickets-57041025242?aff=ebdssbdestsearch,Radio Woodstock Presents...TURKUAZ with Brass Against,"Fri, Apr 19, 2019",8:00 PM EDT,$25 – $30,"Performance,Music",New York
https://www.eventbrite.com/e/easter-brunch-at-centennial-golf-club-tickets-58501304978?aff=ebdssbdestsearch,Easter Brunch at Centennial Golf Club,"Sun, April 21, 2019",11:00 AM – 2:00 PM EDT,$0 – $45,"Party,Food,Drink",New York
https://www.eventbrite.com/e/easter-brunch-buffet-js-white-elephant-tickets-58684241145?aff=ebdssbdestsearch,Easter Brunch Buffet - J's White Elephant,"Sun, April 21, 2019",10:30 AM – 2:30 PM EDT,Free,"Gala,Holiday",New York
https://www.eventbrite.com/e/orville-peck-elsewhere-zone-one-tickets-53564367465?aff=ebdssbdestsearch,Orville Peck @ Elsewhere (Zone One),"Fri, April 26, 2019",Doors at 6:00 PM EDT,$10,Music,New York
https://www.eventbrite.com/e/gaiola-ny-tickets-58324999644?aff=ebdssbdestsearch,GAIOLA NY,"Sat, Apr 6, 2019",9:00 PM – 4:00 AM EDT,$30,"Party,Community",New York
https://www.eventbrite.com/e/new-york-job-fair-get-hired-in-new-york-new-york-tickets-52385750189?aff=ebdssbdestsearch,New York Job Fair - Get Hired in New York New York,"Thu, May 16, 2019",10:00 AM – 2:00 PM EDT,$0 – $795,"Festival,Business",New York
https://www.eventbrite.com/e/likeminds-40-early-bird-100-off-tickets-57652409910?aff=ebdssbdestsearch,Likeminds 4.0 Early Bird ($100 off),"Fri, Sep 20, 2019",4:00 PM – 2:00 PM EDT,$250 – $350,"Conference,Community",New York
https://www.eventbrite.com/e/majorstage-presents-live-hip-hop-sobs-early-show-tickets-59242941232?aff=ebdssbdestsearch,MajorStage Presents: Live Hip Hop @ SOBS (Early Show),"Fri, April 12, 2019",7:00 PM – 9:00 PM EDT,$15,"Performance,Music",New York
https://www.eventbrite.com/e/brunch-booze-beats-brunch-day-party-tickets-54138336221?aff=ebdssbdestsearch,"Brunch, Booze, & Beats: Brunch & Day Party","Sat, April 6, 2019",12:00 PM – 7:00 PM EDT,Free,"Party,Music",New York
https://www.eventbrite.com/e/frets-refrains-richard-thompson-and-nancy-coveys-guitar-songwriting-camp-registration-50173518344?aff=ebdssbdestsearch,Frets & Refrains - Richard Thompson and Nancy Covey’s Guitar & Songwriting...,"Mon, Jul 8, 2019",3:00 PM – 11:00 AM EDT,"$1,599 – $3,399","Retreat,Music",New York
https://www.eventbrite.com/e/the-roller-wave-roller-disco-tickets-55512759157?aff=ebdssbdestsearch,The Roller Wave: Roller Disco,"Sat, April 27, 2019",6:00 PM – 10:00 PM EDT,$15 – $25,"Party,Music",New York
https://www.eventbrite.com/e/sosupersam-143-soundsystem-tickets-59020999398?aff=ebdssbdestsearch,SoSuperSam + 143 Soundsystem,"Sat, May 11, 2019",9:00 PM – 4:30 AM EDT,$15 – $25,"Performance,Music",New York
https://www.eventbrite.com/e/cannabis-licensing-tickets-58643937596?aff=ebdssbdestsearch,CANNABIS + LICENSING,"Tue, April 9, 2019",6:30 PM – 11:30 PM EDT,$50,"Seminar,Science,Tech",New York
https://www.eventbrite.com/e/wwe-wrestlemania-viewing-party-hosted-by-al-snow-karlee-perez-val-venis-and-others-tickets-57128993357?aff=ebdssbdestsearch,WWE Wrestlemania Viewing Party Hosted By Al Snow Karlee Perez Val Venis and...,"Sun, Apr 7, 2019",4:00 PM – 12:00 AM EDT,Free,"Networking,Sports,Fitness",New York
https://www.eventbrite.com/e/drake-n-chill-nyc-tickets-59398567715?aff=ebdssbdestsearch,Drake N Chill - NYC,"Sun, April 14, 2019",5:00 PM – 9:00 PM EDT,$45,"Party,Music",New York
https://www.eventbrite.com/e/honor-oren-lyons-dinner-and-gala-tickets-58108831078?aff=ebdssbdestsearch,Honor Oren Lyons Dinner and Gala,"Sun, May 19, 2019",4:30 PM – 11:00 PM EDT,$75 – $125,"Gala,Charity,Causes",New York
https://www.eventbrite.com/e/sasami-elsewhere-zone-one-tickets-54547286402?aff=ebdssbdestsearch,SASAMI @ Elsewhere (Zone One),"Tue, April 30, 2019",Doors at 8:00 PM EDT,$12 – $14,Music,New York
https://www.eventbrite.com/e/the-makings-of-a-progressive-foreign-policy-tickets-55931852677?aff=ebdssbdestsearch,The Makings of a Progressive Foreign Policy,"Fri, May 10, 2019",9:00 AM – 10:30 AM EDT,Free,"Seminar,Government",New York
https://www.eventbrite.com/e/pencil-ladders-for-leaders-pre-employment-training-may-21st-23rd-tickets-55291210499?aff=ebdssbdestsearch,PENCIL Ladders for Leaders Pre-Employment Training | May 21st-23rd,"Tue, May 21, 2019",9:00 AM – 5:00 PM EDT,Free,"Class,Business",New York
https://www.eventbrite.com/e/earth-day-workout-ironstrength-and-zumba-in-herald-square-tickets-58908316360?aff=ebdssbdestsearch,Earth Day Workout: IronStrength and Zumba in Herald Square!,"Sat, April 27, 2019",2:00 PM – 3:00 PM EDT,Free,"Class,Sports,Fitness",New York
https://www.eventbrite.com/e/free-12th-annual-community-easter-egg-hunt-tickets-57570426696?aff=ebdssbdestsearch,FREE 12th Annual COMMUNITY Easter Egg Hunt!,"Sun, April 21, 2019",11:00 AM – 12:00 PM EDT,Free,"Race,Charity,Causes",New York
https://www.eventbrite.com/e/tantalize-fridays-caribbean-friday-night-tickets-59663704747?aff=ebdssbdestsearch,TANTALIZE FRIDAYS - CARIBBEAN FRIDAY NIGHT,"Fri, Apr 5, 2019",9:00 PM – 4:00 AM EDT,Free,"Party,Music",New York
https://www.eventbrite.com/e/northway-church-easter-helicopter-egg-drop-tickets-58743695976?aff=ebdssbdestsearch,Northway Church Easter Helicopter Egg Drop,"Sat, April 20, 2019",11:00 AM – 1:00 PM EDT,Free,"Other,Family,Education",New York
https://www.eventbrite.com/e/fabolous-x-friends-tax-season-6-tickets-59411937705?aff=ebdssbdestsearch,FABOLOUS x FRIENDS | TAX SEASON 6,"Sat, Apr 20, 2019",8:00 PM – 1:00 AM EDT,"$60 – $1,250","Performance,Music",New York
https://www.eventbrite.com/e/southeast-asia-mba-weekend-2019-tickets-56952330955?aff=ebdssbdestsearch,Southeast Asia MBA Weekend 2019,"Fri, Apr 12, 2019",3:00 PM – 12:00 PM EDT,$99 – $139,"Conference,Business",New York
https://www.eventbrite.com/e/prosecution-in-the-21st-century-transforming-the-criminal-justice-system-tickets-56943754302?aff=ebdssbdestsearch,Prosecution in the 21st Century: Transforming the Criminal Justice System,"Tue, April 9, 2019",12:00 PM – 2:00 PM EDT,Free,"Seminar,Government",New York
https://www.eventbrite.com/e/april-2019-peps-official-event-planning-design-workshop-tickets-52506345894?aff=ebdssbdestsearch,APRIL 2019 PEP'S OFFICIAL EVENT PLANNING & DESIGN WORKSHOP,"Tue, Apr 16, 2019",9:00 AM – 11:00 PM EDT,"$415 – $1,695","Class,Business",New York
https://www.eventbrite.com/e/farmhouse-family-day-fantastic-flowers-tickets-55783560130?aff=ebdssbdestsearch,Farmhouse Family Day: Fantastic Flowers,"Sat, May 18, 2019",11:00 AM – 3:00 PM EDT,Free,"Class,Family,Education",New York
https://www.eventbrite.com/e/rye-youth-council-invites-you-to-a-spring-luncheon-with-arnaud-collery-chief-happiness-officer-tickets-58108774910?aff=ebdssbdestsearch,"Rye Youth Council Invites You to a Spring Luncheon with Arnaud Collery, Chi...","Thu, April 25, 2019",11:45 AM – 2:15 PM EDT,"$130 – $2,300","Appearance,Charity,Causes",New York
https://www.eventbrite.com/e/born-2-brunch-sunday-party-jimmys-tickets-49944436153?aff=ebdssbdestsearch,Born 2 Brunch Sunday Party @ Jimmy’s,"Sun, Apr 7, 2019",12:00 PM – 8:00 PM EDT,Free,"Party,Food,Drink",New York
https://www.eventbrite.com/e/jr-jr-elsewhere-hall-tickets-56144767511?aff=ebdssbdestsearch,JR JR @ Elsewhere (Hall),"Thu, June 6, 2019",Doors at 8:00 PM EDT,$22 – $25,Music,New York
https://www.eventbrite.com/e/villa-russo-presentqueens-1st-enchanted-princess-ball-tickets-57934120514?aff=ebdssbdestsearch,Villa Russo Present...Queens 1st Enchanted Princess Ball!,"Sat, April 13, 2019",12:00 PM – 3:00 PM EDT,$25.95 – $39.95,"Party,Other",New York
https://www.eventbrite.com/e/shareablee-interact-summit-tickets-55599559780?aff=ebdssbdestsearch,Shareablee Interact Summit,"Fri, May 3, 2019",8:00 AM – 6:00 PM EDT,$495 – $595,"Conference,Science,Tech",New York
https://www.eventbrite.com/e/landlords-and-small-developers-summit-2-tickets-58668819017?aff=ebdssbdestsearch,Landlords and Small Developers Summit #2,"Mon, April 8, 2019",2:30 PM – 7:00 PM EDT,Free,"Conference,Business",New York
https://www.eventbrite.com/e/rebekah-heidi-sabertooth-auspex-nerea-tickets-58938438456?aff=ebdssbdestsearch,Rebekah / Heidi Sabertooth / Auspex / Ne/Re/A,"Fri, May 10, 2019",10:00 PM – 5:00 AM EDT,$15 – $25,"Performance,Music",New York
https://www.eventbrite.com/e/bklyn-fashion-academy-presents-on-the-runway-homage-to-future-fashion-show-tickets-59616896743?aff=ebdssbdestsearch,BKLYN Fashion Academy Presents: On the Runway Homage to Future Fashion Show,"Fri, May 3, 2019",7:00 PM – 11:30 PM EDT,Free,"Party,Fashion",New York
https://www.eventbrite.com/e/2nd-annual-pub-crawl-to-benefit-things-of-my-very-own-inc-tickets-55317042764?aff=ebdssbdestsearch,"2nd Annual Pub Crawl to benefit Things of My Very Own, Inc.","Sat, April 13, 2019",1:00 PM – 5:00 PM EDT,$25,"Party,Charity,Causes",New York
https://www.eventbrite.com/e/baroque-melting-nyc-tickets-55746330776?aff=ebdssbdestsearch,BAROQUE MELTING (NYC),"Sat, April 6, 2019",8:00 PM – 10:00 PM EDT,Free,"Performance,Music",New York
https://www.eventbrite.com/e/dansville-ny-magic-mike-show-live-cbs-bar-grill-tickets-57629633786?aff=ebdssbdestsearch,"Dansville, NY. Magic Mike Show Live. CB's Bar & Grill","Fri, May 31, 2019",9:00 PM – 11:00 PM EDT,$22.46 – $54.95,"Performance,Film,Media",New York
https://www.eventbrite.com/e/9th-annual-family-fun-day-registration-56077000819?aff=ebdssbdestsearch,9th Annual Family Fun Day,"Sun, May 19, 2019",11:00 AM – 1:00 PM EDT,$20 – $500,"Party,Charity,Causes",New York
https://www.eventbrite.com/e/utica-college-physical-therapy-mini-student-conclave-tickets-57331202169?aff=ebdssbdestsearch,Utica College Physical Therapy Mini Student Conclave,"Fri, Apr 12, 2019",7:00 PM – 5:30 PM EDT,$5 – $25,"Conference,Health",New York
https://www.eventbrite.com/e/svpg-workshop-how-to-create-products-customers-love-nyc-sept-16-17-2019-tickets-57888759839?aff=ebdssbdestsearch,"SVPG Workshop - How To Create Products Customers Love - NYC - Sept 16-17, 2...","Mon, Sep 16, 2019",9:00 AM – 5:30 PM EDT,"$2,395 – $2,495","Class,Business",New York
https://www.eventbrite.com/e/itango-2019-ithaca-tango-marathon-tickets-47533879112?aff=ebdssbdestsearch,iTango 2019 - Ithaca Tango Marathon,"Thu, Jun 20, 2019",8:30 PM – 1:00 AM EDT,$35 – $110,"Festival,Arts",New York
https://www.eventbrite.com/e/4th-annual-ahi-easter-egg-hunt-sold-out-tickets-57542754929?aff=ebdssbdestsearch,4th Annual AHI Easter Egg Hunt - SOLD OUT!,"Sat, April 20, 2019",10:00 AM – 11:00 AM EDT,Free,"Party,Holiday",New York
https://www.eventbrite.com/e/current-work-barclay-crousse-other-tropics-tickets-55289666882?aff=ebdssbdestsearch,Current Work | Barclay & Crousse: Other tropics,"Tue, April 23, 2019",7:00 PM – 8:30 PM EDT,$0 – $15,"Seminar,Community",New York
https://www.eventbrite.com/e/12th-annual-drug-free-heroes-awards-gala-tickets-55117923192?aff=ebdssbdestsearch,12th Annual Drug-Free Heroes Awards Gala,"Thu, May 30, 2019",6:30 PM – 10:00 PM EDT,"$0 – $25,000","Gala,Community",New York
https://www.eventbrite.com/e/jenny-owen-youngs-tickets-55531235420?aff=ebdssbdestsearch,Jenny Owen Youngs,"Fri, May 17, 2019",9:00 PM – 11:30 PM EDT,$18 – $20,"Performance,Music",New York
https://www.eventbrite.com/e/easter-brunch-tickets-58393605847?aff=ebdssbdestsearch,Easter Brunch,"Sun, April 21, 2019",11:00 AM – 3:00 PM EDT,$0 – $45,"Gala,Holiday",New York
https://www.eventbrite.com/e/bound-w-dax-j-fixmermccarthy-live-katie-rex-minimal-violence-live-vveiss-star-eyes-olive-t-bearcat-tickets-52225049529?aff=ebdssbdestsearch,"BOUND w/ Dax J, Fixmer/McCarthy (Live), Katie Rex, Minimal Violence (Live),...","Sat, April 27, 2019",Doors at 11:00 PM EDT,$15 – $25,Music,New York
https://www.eventbrite.com/e/nyc-crazy-rich-asians-gala-tickets-54783697514?aff=ebdssbdestsearch,NYC Crazy Rich Asians Gala,"Sat, May 11, 2019",1:00 PM – 4:30 AM EDT,$55 – $89.99,"Party,Community",New York
https://www.eventbrite.com/e/the-vibes-are-high-420-boat-party-nyc-tickets-56609806455?aff=ebdssbdestsearch,The Vibes Are High 4/20 Boat Party NYC,"Sat, Apr 20, 2019",8:00 PM – 1:00 AM EDT,$20 – $45,"Party,Music",New York
https://www.eventbrite.com/e/janeane-garofalo-has-guests-tickets-58738756201?aff=ebdssbdestsearch,Janeane Garofalo Has Guests,"Sun, April 7, 2019",6:30 PM – 11:00 PM EDT,$8 – $10,"Performance,Arts",New York
https://www.eventbrite.com/e/designer-pocket-book-bingo-brunch-tickets-55542385771?aff=ebdssbdestsearch,Designer Pocket Book Bingo BRUNCH,"Sun, April 14, 2019",12:30 PM – 4:30 PM EDT,$50 – $65,"Charity,Causes",New York
https://www.eventbrite.com/e/dirty-thursday-prince-tribute-tickets-57960359997?aff=ebdssbdestsearch,Dirty Thursday: Prince Tribute,"Thu, Apr 18, 2019",10:00 PM – 4:00 AM EDT,Free,"Party,Music",New York
https://www.eventbrite.com/e/copa-authors-in-new-york-2019-tickets-49520623518?aff=ebdssbdestsearch,C.O.P.A. Authors in New York 2019,"Sat, August 24, 2019",9:00 AM – 4:00 PM EDT,$25 – $50,Appearance,New York
https://www.eventbrite.com/e/free-fashion-on-the-hudson-runway-show-foth-tickets-57460987360?aff=ebdssbdestsearch,FREE - Fashion on the Hudson Runway Show - FOTH,"Sat, July 13, 2019",11:00 AM – 6:00 PM EDT,Free,"Party,Fashion",New York
https://www.eventbrite.com/e/majorstage-presents-soulgood-w-china-marie-tickets-59351459814?aff=ebdssbdestsearch,MajorStage Presents: SoulGood w/ China Marie,"Wed, April 10, 2019",7:00 PM – 11:00 PM EDT,$15,"Performance,Music",New York
https://www.eventbrite.com/e/cinco-tickets-59746718042?aff=ebdssbdestsearch,CINCO,"Sun, May 5, 2019",3:00 PM – 10:00 PM EDT,Free,"Party,Music",New York
https://www.eventbrite.com/e/steve-burton-and-bradford-anderson-stone-cold-and-the-jackal-return-to-rockwells-tickets-58032267073?aff=ebdssbdestsearch,Steve Burton and Bradford Anderson - Stone Cold and The Jackal return to Ro...,"Fri, May 31, 2019",7:30 PM – 10:00 PM EDT,$99 – $125,"Appearance,Film,Media",New York
https://www.eventbrite.com/e/persisticon-iii-there-is-no-planet-b-tickets-59198566506?aff=ebdssbdestsearch,PERSISTICON III: THERE IS NO PLANET B,"Sun, May 5, 2019",7:00 PM – 10:00 PM EDT,$50 – $150,"Performance,Charity,Causes",New York
https://www.eventbrite.com/e/the-scientists-with-woman-reunion-big-huge-tickets-55285831410?aff=ebdssbdestsearch,The Scientists with Woman (Reunion) & Big Huge,"Mon, April 15, 2019",7:00 PM – 11:00 PM EDT,$20 – $25,"Performance,Music",New York
https://www.eventbrite.com/e/spencer-krug-of-wolf-parade-moonface-with-light-conductor-in-the-round-tickets-53830805388?aff=ebdssbdestsearch,Spencer Krug (of Wolf Parade / Moonface) with Light Conductor - In The Roun...,"Sat, June 22, 2019",7:30 PM – 10:30 PM EDT,$12 – $15,"Performance,Music",New York
https://www.eventbrite.com/e/parks-mwbe-is-coming-to-brooklyn-meet-the-general-contractors-tickets-57024161803?aff=ebdssbdestsearch,"PARKS MWBE IS COMING TO BROOKLYN – ""Meet The General Contractors""","Tue, April 23, 2019",8:30 AM – 1:30 PM EDT,Free,"Networking,Business",New York
https://www.eventbrite.com/e/what-we-like-saturday-night-with-warthog-shit-and-more-tickets-56049972978?aff=ebdssbdestsearch,"What We Like - Saturday Night with Warthog, S.H.I.T and more","Sat, May 11, 2019",8:00 PM – 11:00 PM EDT,$20,"Performance,Music",New York
https://www.eventbrite.com/e/itcbsa-camp-dittmer-merit-badge-registration-2019-week-3-tickets-58827630025?aff=ebdssbdestsearch,ITCBSA Camp Dittmer Merit Badge Registration 2019 Week 3,"Sun, Jul 21, 2019",1:00 PM – 9:00 AM EDT,Free,"Retreat,Travel,Outdoor",New York
https://www.eventbrite.com/e/nyc-earth-day-bazaar-tickets-54525862322?aff=ebdssbdestsearch,NYC Earth Day Bazaar,"Sun, April 21, 2019",10:00 AM – 5:30 PM EDT,Free,Festival,New York
https://www.eventbrite.com/e/gcw-wrestlecon-pre-order-onitaotanitaka-tickets-55097412845?aff=ebdssbdestsearch,GCW Wrestlecon Pre Order - Onita/Otani/Taka,"Fri, Apr 5, 2019",9:00 AM – 4:00 PM EDT,$15 – $45,"Appearance,Sports,Fitness",New York
https://www.eventbrite.com/e/new-york-club-crawl-tickets-55096676643?aff=ebdssbdestsearch,New York Club Crawl,"Fri, Jun 28, 2019",8:00 PM – 4:00 AM EDT,$45 – $155,"Party,Other",New York
https://www.eventbrite.com/e/one-fine-day-bridal-market-nyc-april-2019-registration-54584847749?aff=ebdssbdestsearch,One Fine Day Bridal Market NYC | April 2019,"Sun, Apr 14, 2019",9:00 AM – 4:00 PM EDT,Free,"Expo,Fashion",New York
https://www.eventbrite.com/e/nyc-security-token-forum-tickets-58163027180?aff=ebdssbdestsearch,NYC Security Token Forum,"Fri, April 12, 2019",9:00 AM – 5:00 PM EDT,$199 – $999,"Conference,Business",New York
https://www.eventbrite.com/e/free-easter-eggstravaganza-yonkers-residents-ages-2-8-years-old-414-tickets-58537712875?aff=ebdssbdestsearch,Free Easter Eggstravaganza (Yonkers Residents ) Ages 2-8 years old (4/14),"Sun, April 14, 2019",2:00 PM – 5:00 PM EDT,Free,"Festival,Family,Education",New York
https://www.eventbrite.com/e/2019-youth-summit-registration-55524507296?aff=ebdssbdestsearch,2019 Youth Summit,"Thu, June 6, 2019",8:00 AM – 5:00 PM EDT,Free,"Conference,Charity,Causes",New York
https://www.eventbrite.com/e/majorstage-presents-live-soulrb-the-paper-box-early-show-tickets-58876578431?aff=ebdssbdestsearch,MajorStage Presents: Live Soul/R&B @ The Paper Box (Early Show),"Tue, April 9, 2019",7:00 PM – 10:00 PM EDT,$15,"Performance,Music",New York
https://www.eventbrite.com/e/the-blue-party-tickets-55345260163?aff=ebdssbdestsearch,The Blue Party,"Fri, May 31, 2019",7:00 PM – 11:00 PM EDT,$117 – $160,"Gala,Charity,Causes",New York
https://www.eventbrite.com/e/nechpi-annual-meeting-tickets-56113246230?aff=ebdssbdestsearch,NECHPI Annual Meeting,"Wed, April 10, 2019",8:00 AM – 5:00 PM EDT,"$0 – $3,000","Conference,Science,Tech",New York
https://www.eventbrite.com/e/bit-by-bit-breaking-the-barrier-for-girls-in-tech-tickets-55978683750?aff=ebdssbdestsearch,Bit By Bit: Breaking the Barrier for Girls in Tech,"Sat, April 13, 2019",9:45 AM – 3:00 PM EDT,Free,"Conference,Science,Tech",New York
https://www.eventbrite.com/e/ann-marie-tickets-56817854733?aff=ebdssbdestsearch,Ann Marie,"Tue, Apr 23, 2019",8:00 PM EDT,$15 – $65,"Performance,Music",New York
https://www.eventbrite.com/e/tinder-live-with-lane-moore-tickets-56929096460?aff=ebdssbdestsearch,Tinder Live! with Lane Moore,"Fri, April 12, 2019",8:00 PM – 10:00 PM EDT,$15,"Performance,Arts",New York
https://www.eventbrite.com/e/majorstage-presents-live-latinurban-the-paper-box-late-show-tickets-59131401614?aff=ebdssbdestsearch,MajorStage Presents: Live Latin/Urban @ The Paper Box (Late Show),"Wed, Apr 17, 2019",9:00 PM – 12:00 AM EDT,$15,"Performance,Music",New York
https://www.eventbrite.com/e/demystifying-management-workshop-by-lara-hogan-tickets-57733284809?aff=ebdssbdestsearch,Demystifying Management Workshop by Lara Hogan,"Thu, May 30, 2019",10:00 AM – 5:00 PM EDT,"$1,200","Class,Business",New York
https://www.eventbrite.com/e/gala-10o-aniversario-ceny-gala-10th-anniversary-ceny-centro-espanol-de-ny-tickets-53770182062?aff=ebdssbdestsearch,Gala 10º Aniversario CENY · Gala 10th Anniversary CENY Centro Español de NY,"Thu, April 11, 2019",7:00 PM – 11:00 PM EDT,$100,"Gala,Charity,Causes",New York
https://www.eventbrite.com/e/mindfulness-for-busy-parents-workshop-tickets-53912591011?aff=ebdssbdestsearch,Mindfulness for Busy Parents Workshop,"Wed, April 17, 2019",9:30 AM – 11:30 AM EDT,"$50 – $5,000","Seminar,Health",New York
https://www.eventbrite.com/e/international-nanny-training-event-brooklyn-tickets-55931813560?aff=ebdssbdestsearch,International Nanny Training Event-Brooklyn,"Sat, April 13, 2019",9:15 AM – 4:00 PM EDT,$75,"Class,Other",New York
https://www.eventbrite.com/e/golden-girls-live-on-stage-the-musical-parody-tickets-53838881544?aff=ebdssbdestsearch,Golden Girls LIVE: On Stage! The Musical Parody,"Sat, April 6, 2019",4:00 PM – 5:45 PM EDT,$49 – $69,"Performance,Arts",New York
https://www.eventbrite.com/e/sister-act-cast-a-broadway-workshop-project-broadway-2019-main-stage-tickets-58442594373?aff=ebdssbdestsearch,SISTER ACT - CAST A - Broadway Workshop & Project Broadway 2019 Main Stage,"Sun, May 5, 2019",1:00 PM – 3:30 PM EDT,$25 – $40,"Performance,Arts",New York
https://www.eventbrite.com/e/spring-wine-dinner-anfora-aged-wines-from-i-cacciagalli-tickets-59183518497?aff=ebdssbdestsearch,Spring Wine Dinner: Anfora-Aged Wines from i Cacciagalli,"Tue, April 9, 2019",7:00 PM – 10:00 PM EDT,$145,"Gala,Food,Drink",New York
https://www.eventbrite.com/e/ccf-spring-benefit-celebrating-education-the-power-of-books-tickets-55586189790?aff=ebdssbdestsearch,CCF Spring Benefit: Celebrating Education & the Power of Books,"Thu, April 18, 2019",6:30 PM – 8:30 PM EDT,"$100 – $10,000","Other,Family,Education",New York
https://www.eventbrite.com/e/the-freedom-party-tickets-54313666639?aff=ebdssbdestsearch,The Freedom Party®,"Fri, April 19, 2019",5:00 PM – 10:00 PM EDT,$10,"Performance,Music",New York
https://www.eventbrite.com/e/10th-annual-savor-the-flavors-2019-tickets-55370458532?aff=ebdssbdestsearch,10th Annual Savor the Flavors 2019,"Sun, April 7, 2019",2:00 PM – 4:00 PM EDT,$40,"Party,Food,Drink",New York
https://www.eventbrite.com/e/a-day-in-arrendelle-frozen-event-tickets-57838851562?aff=ebdssbdestsearch,A Day in Arrendelle-Frozen event,"Sat, June 1, 2019",11:00 AM – 1:00 PM EDT,$6.75 – $14.79,"Attraction,Family,Education",New York
https://www.eventbrite.com/e/bollywood-beats-stage48-nyc-a-weekly-saturday-night-desiparty-tickets-32871804452?aff=ebdssbdestsearch,Bollywood Beats @ Stage48 NYC - A Weekly Saturday Night DesiParty,"Sat, Apr 13, 2019",10:00 PM – 4:00 AM EDT,Free,"Party,Music",New York
https://www.eventbrite.com/e/science-society-no-3-our-climate-crisis-tickets-59399801405?aff=ebdssbdestsearch,Science & Society No. 3: Our Climate Crisis,"Sat, April 13, 2019",7:00 PM – 10:00 PM EDT,Free,"Seminar,Science,Tech",New York
https://www.eventbrite.com/e/easter-egg-hunt-with-the-easter-bunny-tickets-59661699750?aff=ebdssbdestsearch,Easter Egg Hunt with the Easter Bunny,"Sat, April 13, 2019",11:00 AM – 2:00 PM EDT,Free,"Party,Holiday",New York
https://www.eventbrite.com/e/building-a-sustainable-future-how-to-bring-impact-to-any-career-registration-57762861273?aff=ebdssbdestsearch,Building a Sustainable Future: How to Bring Impact to Any Career,"Thu, April 11, 2019",6:00 PM – 9:00 PM EDT,Free,"Networking,School Activities",New York
https://www.eventbrite.com/e/health-and-childhood-and-opportunity-registration-55579843809?aff=ebdssbdestsearch,HEALTH AND... Childhood and Opportunity,"Mon, May 13, 2019",8:45 AM – 4:00 PM EDT,Free,"Conference,Family,Education",New York
https://www.eventbrite.com/e/jeremy-enigk-ghosts-tour-tickets-54615270745?aff=ebdssbdestsearch,Jeremy Enigk - Ghosts Tour,"Thu, April 18, 2019",7:30 PM – 11:00 PM EDT,$20,"Performance,Music",New York
https://www.eventbrite.com/e/new-york-bfunk-workshops-april-13-14-tickets-58761072951?aff=ebdssbdestsearch,NEW YORK : BFUNK WORKSHOPS | April 13 & 14,"Sat, April 13, 2019",11:30 AM – 1:30 PM EDT,$35,Class,New York
https://www.eventbrite.com/e/an-evening-with-oh-land-in-the-round-presented-by-popgun-tickets-55738933651?aff=ebdssbdestsearch,An Evening With Oh Land - In the Round - presented by PopGun,"Thu, April 25, 2019",8:00 PM – 11:30 PM EDT,$25,"Performance,Music",New York
https://www.eventbrite.com/e/earth-crisis-with-ecostrike-at-bk-bazaar-tickets-54600579804?aff=ebdssbdestsearch,Earth Crisis with Ecostrike at BK Bazaar,"Sat, May 4, 2019",7:00 PM – 10:00 PM EDT,$20,"Performance,Music",New York
https://www.eventbrite.com/e/when-we-lead-womens-voices-reshaping-our-media-tickets-57735797324?aff=ebdssbdestsearch,When We Lead: Women's Voices Reshaping Our Media,"Thu, April 11, 2019",7:00 PM – 9:00 PM EDT,$25,"Seminar,Film,Media",New York
https://www.eventbrite.com/e/chatbot-conference-tickets-55380774387?aff=ebdssbdestsearch,Chatbot Conference,"Wed, May 22, 2019",9:00 AM – 4:30 PM EDT,$399 – $699,"Conference,Science,Tech",New York
https://www.eventbrite.com/e/17th-annual-small-business-procurement-expo-tickets-56051110380?aff=ebdssbdestsearch,17th Annual Small Business & Procurement Expo,"Fri, Jun 7, 2019",7:00 AM EDT,"$0 – $10,000","Networking,Business",New York
https://www.eventbrite.com/e/huracans-lucky-7-tickets-56076177356?aff=ebdssbdestsearch,Huracan's Lucky 7,"Sat, Apr 6, 2019",8:00 PM – 3:00 AM EDT,$40,"Performance,Arts",New York
https://www.eventbrite.com/e/alesana-red-jumpsuit-apparatus-at-the-kingsland-tickets-56019073557?aff=ebdssbdestsearch,"Alesana, Red Jumpsuit Apparatus at The Kingsland","Fri, April 12, 2019",6:30 PM – 11:30 PM EDT,$20,"Performance,Music",New York
https://www.eventbrite.com/e/elhae-tickets-57140481719?aff=ebdssbdestsearch,ELHAE,"Fri, May 3, 2019",8:00 PM EDT,$18,"Performance,Music",New York
https://www.eventbrite.com/e/wwe-wrestlemania-35-viewing-party-jack-demseys-hosted-by-yepilw-tickets-54380278878?aff=ebdssbdestsearch,"WWE WrestleMania 35 Viewing Party @ Jack Demsey’s, hosted by @YEPILW","Sun, April 7, 2019",5:00 PM – 11:00 PM EDT,Free,"Party,Sports,Fitness",New York
https://www.eventbrite.com/e/primer19-futures-for-all-tickets-45596148307?aff=ebdssbdestsearch,PRIMER19 | FUTURES FOR ALL,"Thu, Jun 13, 2019",9:00 AM – 9:00 PM EDT,$100 – $350,"Conference,Business",New York
https://www.eventbrite.com/e/le-youth-elsewhere-rooftop-tickets-54598884734?aff=ebdssbdestsearch,Le Youth @ Elsewhere (Rooftop),"Fri, July 26, 2019",5:00 PM EDT,$20 – $25,Music,New York
https://www.eventbrite.com/e/new-york-victory-cup-hot-air-balloon-festival-polo-match-tickets-52449108696?aff=ebdssbdestsearch,New York Victory Cup Hot Air Balloon Festival & Polo Match,"Sat, August 10, 2019",7:00 AM – 10:00 PM EDT,"$0 – $1,100","Festival,Food,Drink",New York
https://www.eventbrite.com/e/mothers-day-at-june-farms-tickets-59128676463?aff=ebdssbdestsearch,Mother's Day at June Farms,"Sun, May 12, 2019",11:00 AM – 4:00 PM EDT,$25 – $50,"Party,Food,Drink",New York
https://www.eventbrite.com/e/usa-wine-spirits-and-beer-ratings-winners-tasting-registration-48583525633?aff=ebdssbdestsearch,"USA Wine, Spirits and Beer Ratings Winners Tasting","Mon, May 13, 2019",11:00 AM – 4:00 PM EDT,Free,"Expo,Food,Drink",New York
https://www.eventbrite.com/e/muse-with-grace-presents-the-ultimate-spring-sip-shop-tickets-58835538680?aff=ebdssbdestsearch,Muse With Grace Presents: The Ultimate Spring Sip & Shop,"Sat, April 6, 2019",2:00 PM – 6:00 PM EDT,$30 – $45,"Other,Fashion",New York
https://www.eventbrite.com/e/the-poetry-society-of-new-york-spring-gala-tickets-52947919653?aff=ebdssbdestsearch,The Poetry Society of New York Spring Gala,"Wed, April 10, 2019",7:00 PM – 9:30 PM EDT,$85 – $160,"Gala,Arts",New York
https://www.eventbrite.com/e/nyc-shoot-a-thon-2019-the-largest-photo-sharing-networking-event-in-nyc-tickets-53218469876?aff=ebdssbdestsearch,NYC SHOOT-A-THON 2019 THE LARGEST PHOTO SHARING NETWORKING EVENT IN NYC,"Fri, April 12, 2019",12:00 PM – 11:59 PM EDT,$75 – $180,"Networking,Fashion",New York
https://www.eventbrite.com/e/earth-day-5k-green-tour-2019-tickets-54142957042?aff=ebdssbdestsearch,Earth Day 5K Green Tour 2019,"Mon, April 22, 2019",9:00 AM – 12:00 PM EDT,$30 – $50,"Tour,Charity,Causes",New York
https://www.eventbrite.com/e/healthy-nyc-expo-brooklyn-tickets-57928253967?aff=ebdssbdestsearch,Healthy NYC Expo | Brooklyn,"Sat, September 7, 2019",10:00 AM – 3:00 PM EDT,Free,"Festival,Health",New York
https://www.eventbrite.com/e/dijon-elsewhere-zone-one-tickets-55006800822?aff=ebdssbdestsearch,Dijon @ Elsewhere (Zone One),"Sat, May 4, 2019",Doors at 7:00 PM EDT,$12,Music,New York
https://www.eventbrite.co.uk/e/brooklyn-outdoor-film-festival-tickets-49092615334?aff=ebdssbdestsearch,Brooklyn Outdoor Film Festival,"Mon, 5 Aug 2019",18:00 – 00:00 BST,Free,"Festival,Film,Media",New York
https://www.eventbrite.com/e/911-memorial-run-for-richie-motorcycle-ride-tickets-54792935144?aff=ebdssbdestsearch,"9/11 Memorial ""Run for Richie"" Motorcycle Ride","Sun, September 8, 2019",8:00 AM – 6:00 PM EDT,$20 – $250,"Other,Charity,Causes",New York
https://www.eventbrite.com/e/st-francis-heart-valve-symposium-update-on-innovative-technologies-tickets-52961156244?aff=ebdssbdestsearch,St. Francis Heart Valve Symposium: Update on Innovative Technologies,"Sat, April 13, 2019",7:30 AM – 3:00 PM EDT,$25 – $50,"Conference,Science,Tech",New York
https://www.eventbrite.com/e/2019-nycmer-conference-yesterday-today-and-tomorrow-tickets-59299171418?aff=ebdssbdestsearch,"2019 NYCMER Conference: Yesterday, Today, and Tomorrow","Mon, May 13, 2019",9:00 AM – 5:00 PM EDT,$75 – $100,"Conference,Business",New York
https://www.eventbrite.com/e/untamed-jungle-edition-tickets-58336199142?aff=ebdssbdestsearch,UNTAMED: JUNGLE EDITION,"Sat, Apr 6, 2019",11:00 PM – 4:00 AM EDT,$5 – $10,"Party,Music",New York
https://www.eventbrite.com/e/nyc-les-twins-workshop-2019-tickets-41025147320?aff=ebdssbdestsearch,NYC Les Twins Workshop 2019,"Fri, May 10, 2019",5:00 PM – 10:00 PM EDT,$70 – $195,"Class,Arts",New York
https://www.eventbrite.com/e/bea-2019-adult-librarian-author-dinner-tickets-59444170113?aff=ebdssbdestsearch,BEA 2019 Adult Librarian Author Dinner,"Wed, May 29, 2019",6:30 PM – 9:00 PM EDT,$10,"Gala,Film,Media",New York
https://www.eventbrite.com/e/the-milk-carton-kids-sad-songs-summer-camp-tickets-56505122342?aff=ebdssbdestsearch,The Milk Carton Kids' Sad Songs Summer Camp,"Tue, Jul 23, 2019",3:00 PM – 11:00 AM EDT,"$1,099 – $2,999","Class,Music",New York
https://www.eventbrite.com/e/techstars-startup-weekend-new-york-financial-inclusion-tickets-53836386080?aff=ebdssbdestsearch,Techstars Startup Weekend New York: Financial Inclusion,"Fri, Apr 5, 2019",6:00 PM – 8:30 PM EDT,$25 – $99,"Class,Business",New York
https://www.eventbrite.com/e/dsny-compost-giveback-event-bronx-april-9-2019-tickets-55995666546?aff=ebdssbdestsearch,"DSNY Compost Giveback Event: Bronx - April 9, 2019","Tue, April 9, 2019",4:00 PM – 7:00 PM EDT,Free,"Other,Other",New York
https://www.eventbrite.com/e/night-of-elegance-tickets-59350950290?aff=ebdssbdestsearch,Night of Elegance,"Sun, May 26, 2019",8:00 PM – 2:00 AM EDT,$60 – $100,"Gala,Music",New York
https://www.eventbrite.com/e/proust-2019-tickets-57036392385?aff=ebdssbdestsearch,Proust 2019,"Fri, April 12, 2019",10:00 AM – 7:00 PM EDT,Free,"Conference,Other",New York
https://www.eventbrite.com/e/john-early-now-more-than-ever-tickets-58997114959?aff=ebdssbdestsearch,John Early: Now More than Ever,"Fri, Jun 28, 2019",7:00 PM EDT,$30,"Performance,Arts",New York
https://www.eventbrite.com/e/workshop-on-correlated-extreme-events-tickets-52714175518?aff=ebdssbdestsearch,Workshop on Correlated Extreme Events,"Tue, May 28, 2019",7:00 PM – 2:00 PM EDT,$0 – $100,"Conference,Science,Tech",New York
https://www.eventbrite.com/e/2019-knowledge-graph-conference-tickets-54867900367?aff=ebdssbdestsearch,2019 Knowledge Graph Conference,"Tue, May 7, 2019",8:00 AM – 5:00 PM EDT,$450,"Conference,Business",New York
https://www.eventbrite.com/e/nys-4th-annual-redevelopment-summit-pathways-to-revitalization-tickets-55730517478?aff=ebdssbdestsearch,NYS 4th Annual Redevelopment Summit: Pathways to Revitalization,"Tue, Jun 11, 2019",1:00 PM – 3:45 PM EDT,$60 – $195,"Conference,Other",New York
https://www.eventbrite.com/e/black-web-fest-2019-tickets-54344206986?aff=ebdssbdestsearch,BLACK WEB FEST 2019,"Sat, April 13, 2019",11:00 AM – 8:00 PM EDT,$35 – $60,"Festival,Film,Media",New York
https://www.eventbrite.com/e/11th-annual-shorty-awards-tickets-59243286264?aff=ebdssbdestsearch,11th Annual Shorty Awards,"Sun, May 5, 2019",4:30 PM – 8:30 PM EDT,"$500 – $10,000","Gala,Science,Tech",New York
https://www.eventbrite.com/e/crawfish-for-cancers-11th-annual-nyc-boil-tickets-53079573433?aff=ebdssbdestsearch,Crawfish for Cancer's 11th Annual NYC Boil,"Sat, May 11, 2019",2:00 PM – 7:00 PM EDT,$75 – $85,"Party,Charity,Causes",New York
https://www.eventbrite.com/e/naughty-novelty-bingo-with-aunt-mary-pat-tickets-56253342261?aff=ebdssbdestsearch,Naughty Novelty Bingo with Aunt Mary Pat,"Sat, April 6, 2019",6:00 PM – 11:00 PM EDT,$25,"Party,Hobbies",New York
https://www.eventbrite.com/e/bikelife-sports-memorial-day-ride-wheelie-race-event-tickets-57967479291?aff=ebdssbdestsearch,Bikelife Sports Memorial Day Ride/ Wheelie Race Event,"Mon, May 27, 2019",10:00 AM – 5:00 PM EDT,$10 – $65,"Party,Fashion",New York
https://www.eventbrite.com/e/nyc-networking-social-event-tickets-55024208890?aff=ebdssbdestsearch,NYC Networking & Social Event,"Thu, April 11, 2019",6:30 PM – 10:00 PM EDT,Free,"Networking,Business",New York
https://www.eventbrite.com/e/43rd-annual-crystal-ball-and-sales-marketing-excellence-awards-tickets-56646344742?aff=ebdssbdestsearch,43rd Annual Crystal Ball and Sales & Marketing Excellence Awards,"Tue, April 30, 2019",5:30 PM – 8:30 PM EDT,$79.50 – $95,"Gala,Charity,Causes",New York
https://www.eventbrite.com/e/majorstage-presents-live-hip-hop-the-paper-box-early-show-tickets-59017381577?aff=ebdssbdestsearch,MajorStage Presents: Live Hip-Hop @ The Paper Box (Early Show),"Thu, April 11, 2019",7:00 PM – 10:00 PM EDT,$15,"Performance,Music",New York
https://www.eventbrite.com/e/pencil-ladders-for-leaders-pre-employment-training-may-28th-30th-tickets-55291562552?aff=ebdssbdestsearch,PENCIL Ladders for Leaders Pre-Employment Training | May 28th-30th,"Tue, May 28, 2019",9:00 AM – 5:00 PM EDT,Free,"Class,Business",New York
https://www.eventbrite.com/e/hold-your-grit-2-tickets-55440123903?aff=ebdssbdestsearch,Hold Your Grit 2,"Sat, April 6, 2019",7:00 PM – 10:00 PM EDT,$10 – $30,"Performance,Arts",New York
https://www.eventbrite.com/e/the-magician-aston-shuffle-elsewhere-hall-tickets-55439142969?aff=ebdssbdestsearch,"The Magician, Aston Shuffle @ Elsewhere (Hall)","Sat, June 15, 2019",Doors at 11:00 PM EDT,$20 – $30,Music,New York
https://www.eventbrite.com/e/pelican-tickets-57222309468?aff=ebdssbdestsearch,Pelican,"Mon, June 24, 2019",8:00 PM – 11:30 PM EDT,$15 – $18,"Performance,Music",New York
https://www.eventbrite.com/e/venture-19-twenty-years-of-design-registration-56122804820?aff=ebdssbdestsearch,Venture 19: Twenty Years of Design,"Wed, April 17, 2019",5:00 PM – 9:00 PM EDT,Free,"Conference,Business",New York
https://www.eventbrite.com/e/majorstage-presents-dylan-st-john-live-sobs-early-show-tickets-58877195276?aff=ebdssbdestsearch,MajorStage Presents: Dylan St. John Live @ SOBS (Early Show),"Tue, April 16, 2019",7:00 PM – 10:00 PM EDT,$15,"Performance,Music",New York
https://www.eventbrite.com/e/ideation-2019-registration-53467961111?aff=ebdssbdestsearch,ideation 2019,"Wed, Oct 23, 2019",8:00 AM – 5:00 PM EDT,$299 – $499,Conference,New York
https://www.eventbrite.com/e/arbor-day-in-prospect-park-tickets-58021519928?aff=ebdssbdestsearch,Arbor Day in Prospect Park,"Fri, April 26, 2019",12:00 PM – 4:00 PM EDT,Free,"Other,Other",New York
https://www.eventbrite.com/e/turkish-music-concert-tickets-59141029411?aff=ebdssbdestsearch,Turkish Music Concert,"Fri, May 3, 2019",7:00 PM – 8:30 PM EDT,Free,"Performance,Music",New York
https://www.eventbrite.com/e/mary-poppins-jr-pelham-childrens-theaters-sunday-matinee-tickets-59545748938?aff=ebdssbdestsearch,Mary Poppins Jr. Pelham Children's Theater's Sunday Matinee,"Sun, May 5, 2019",2:00 PM – 5:00 PM EDT,$18,"Performance,Arts",New York
https://www.eventbrite.com/e/diva-royale-drag-queen-show-nyc-tickets-55840952793?aff=ebdssbdestsearch,Diva Royale Drag Queen Show NYC,"Sat, Apr 6, 2019",7:30 PM EDT,$20 – $100,"Performance,Food,Drink",New York
https://www.eventbrite.com/e/julio-torres-my-favorite-shapes-700pm-show-elsewhere-tickets-55936476507?aff=ebdssbdestsearch,Julio Torres: My Favorite Shapes - 7:00PM Show @ Elsewhere,"Tue, April 23, 2019",Doors at 6:00 PM EDT,$20,"Film,Media",New York
https://www.eventbrite.com/e/throw-it-back-3-tickets-54813122525?aff=ebdssbdestsearch,Throw it Back 3,"Fri, Apr 12, 2019",10:00 PM – 2:00 AM EDT,$0 – $15,"Party,Music",New York
https://www.eventbrite.com/e/lit-n-brooklyn-book-and-entrepreneur-expo-tickets-45951663663?aff=ebdssbdestsearch,Lit-N-Brooklyn-Book and Entrepreneur Expo,"Sat, April 6, 2019",1:00 PM – 5:00 PM EDT,$0 – $150,"Appearance,Film,Media",New York
https://www.eventbrite.com/e/john-early-now-more-than-ever-tickets-58997291487?aff=ebdssbdestsearch,John Early: Now More than Ever,"Fri, Jun 28, 2019",10:00 PM EDT,$30,"Performance,Arts",New York
https://www.eventbrite.com/e/bus-trip-to-tap-ny-from-mill-house-tickets-57745431139?aff=ebdssbdestsearch,Bus Trip to Tap NY from Mill House,"Sun, April 28, 2019",9:30 AM – 6:00 PM EDT,$90,"Retreat,Food,Drink",New York
https://www.eventbrite.com/e/2019-opening-day-tickets-57725169536?aff=ebdssbdestsearch,2019 Opening Day,"Sat, April 20, 2019",12:00 PM – 11:00 PM EDT,$10 – $25,"Festival,Food,Drink",New York
https://www.eventbrite.com/e/earth-day-celebration-in-prospect-park-tickets-54311661642?aff=ebdssbdestsearch,Earth Day Celebration in Prospect Park,"Sun, April 28, 2019",1:00 PM – 4:00 PM EDT,Free,"Festival,Holiday",New York
https://www.eventbrite.com/e/mazi-intl-saturdays-tickets-53355688300?aff=ebdssbdestsearch,Mazi Int'l Saturdays,"Sat, Apr 6, 2019",10:00 PM – 4:00 AM EDT,Free,"Party,Music",New York
https://www.eventbrite.com/e/the-birth-of-deceit-movie-premiere-red-carpet-event-new-york-private-screening-tickets-55063468316?aff=ebdssbdestsearch,The Birth of Deceit Movie Premiere & Red Carpet Event (New York Private Sc...,"Sat, June 22, 2019",4:30 PM – 8:00 PM EDT,$20 – $25,"Screening,Film,Media",New York
https://www.eventbrite.com/e/story-pirates-flagship-show-at-the-upright-citizens-brigade-theatre-april-show-tickets-56442513076?aff=ebdssbdestsearch,Story Pirates Flagship Show at the Upright Citizens Brigade Theatre April S...,"Sat, April 20, 2019",12:00 PM – 1:00 PM EDT,$35,"Performance,Arts",New York
https://www.eventbrite.com/e/night-of-light-connecting-to-the-other-side-with-laura-lynne-jackson-tickets-54830742226?aff=ebdssbdestsearch,Night of Light - Connecting to the Other Side with Laura Lynne Jackson,"Sat, April 13, 2019",7:00 PM – 9:00 PM EDT,$55 – $100,"Seminar,Spirituality",New York
https://www.eventbrite.com/e/off-wuk-tickets-58757473184?aff=ebdssbdestsearch,Off Wuk,"Sun, May 26, 2019",9:00 PM – 4:00 AM EDT,Free,Party,New York
https://www.eventbrite.com/e/easter-bunny-breakfast-sold-out-tickets-58326776960?aff=ebdssbdestsearch,Easter Bunny Breakfast ***SOLD OUT***,"Sat, April 13, 2019",11:30 AM – 1:00 PM EDT,$0 – $22,Festival,New York
https://www.eventbrite.com/e/old-school-vs-new-school-brunch-day-party-easter-edition-tickets-53963107106?aff=ebdssbdestsearch,Old School VS New School Brunch & Day Party - Easter Edition,"Sun, April 21, 2019",12:00 PM – 7:00 PM EDT,Free,"Party,Music",New York
https://www.eventbrite.com/e/bea-2019-adult-librarian-author-lunch-tickets-59445834090?aff=ebdssbdestsearch,BEA 2019 Adult Librarian Author Lunch,"Thu, May 30, 2019",12:00 PM – 1:30 PM EDT,$10,"Appearance,Film,Media",New York
https://www.eventbrite.com/e/black-out-new-york-tickets-59659328658?aff=ebdssbdestsearch,Black Out New York,"Sun, May 19, 2019",4:00 PM – 7:00 PM EDT,$20,"Class,Business",New York
https://www.eventbrite.com/e/nyscc-awards-night-2019-tickets-54833598770?aff=ebdssbdestsearch,NYSCC Awards Night 2019,"Tue, May 7, 2019",9:00 PM – 1:00 AM EDT,$85 – $100,"Party,Business",New York
https://www.eventbrite.com/e/inman-connect-new-york-2020-real-estate-conference-tickets-51833531488?aff=ebdssbdestsearch,Inman Connect New York 2020 - Real Estate Conference,"Tue, Jan 28, 2020",9:00 AM – 12:00 PM EST,"$99 – $1,446","Conference,Business",New York
https://www.eventbrite.com/e/jack-and-jill-queens-chapter-spring-soiree-tickets-57474541902?aff=ebdssbdestsearch,Jack and Jill Queens Chapter Spring Soiree,"Thu, Apr 25, 2019",7:00 PM – 12:00 AM EDT,$125,"Gala,Community",New York
https://www.eventbrite.com/e/td-group-present-bottomless-brunch-day-party-the-brunch-club-tickets-51893787716?aff=ebdssbdestsearch,TD Group Present: Bottomless Brunch + Day Party (The Brunch Club),"Sat, April 6, 2019",2:00 PM – 10:00 PM EDT,$0 – $100,"Party,Food,Drink",New York
https://www.eventbrite.com/e/2019-columbia-african-economic-forum-tickets-56765859213?aff=ebdssbdestsearch,2019 Columbia African Economic Forum,"Fri, Apr 12, 2019",5:00 PM – 3:00 AM EDT,$40 – $135,"Conference,Business",New York
https://www.eventbrite.com/e/inspiring-hope-spring-benefit-lunch-2019-tickets-57405004915?aff=ebdssbdestsearch,Inspiring Hope: Spring Benefit Lunch 2019,"Thu, April 11, 2019",12:00 PM – 2:00 PM EDT,"$225 – $25,000","Party,Charity,Causes",New York
https://www.eventbrite.com/e/horna-tickets-54505967817?aff=ebdssbdestsearch,Horna,"Sun, Apr 7, 2019",7:30 PM – 12:30 AM EDT,$25 – $30,"Performance,Music",New York
https://www.eventbrite.com/e/stonewall-50-defining-lgbtq-site-preservation-tickets-57432769961?aff=ebdssbdestsearch,Stonewall 50: Defining LGBTQ Site Preservation,"Sat, April 6, 2019",10:00 AM – 6:30 PM CDT,Free,"Seminar,Community",New York
https://www.eventbrite.com/e/amy-ray-band-with-amanda-anne-platt-the-honeycutters-tickets-56005461844?aff=ebdssbdestsearch,Amy Ray Band with Amanda Anne Platt & The Honeycutters,"Sat, May 25, 2019",7:00 PM – 10:30 PM EDT,$25,"Performance,Music",New York
https://www.eventbrite.com/e/wont-you-be-my-neighbor-free-screening-buffalo-tickets-58095596493?aff=ebdssbdestsearch,"""Won't You Be My Neighbor?"" Free Screening (Buffalo)","Sat, April 13, 2019",11:00 AM – 1:00 PM EDT,Free,"Screening,Community",New York
https://www.eventbrite.com/e/1st-annual-saratoga-pub-crawl-tickets-55479718331?aff=ebdssbdestsearch,1st Annual Saratoga Pub Crawl,"Sat, April 6, 2019",2:00 PM – 7:00 PM EDT,$30,"Party,Food,Drink",New York
https://www.eventbrite.com/e/project-x-after-party-tickets-59024574090?aff=ebdssbdestsearch,Project X : After Party,"Sat, Apr 13, 2019",10:30 PM – 2:30 AM EDT,$5 – $10,"Party,Film,Media",New York
https://www.eventbrite.com/e/majorstage-presents-kamron-bahani-live-the-delancey-tickets-58602891827?aff=ebdssbdestsearch,MajorStage Presents: Kamron Bahani Live @ The Delancey,"Fri, April 12, 2019",7:00 PM – 11:00 PM EDT,$15,"Performance,Music",New York
https://www.eventbrite.com/e/drag-queen-divas-spring-awakening-brunch-kpacho-tickets-56537619542?aff=ebdssbdestsearch,Drag Queen Divas Spring Awakening Brunch @ Kpacho,"Sun, April 28, 2019",11:00 AM – 4:00 PM EDT,$65,"Performance,Arts",New York
https://www.eventbrite.com/e/pump-kini-the-bikini-cruise-tickets-57415535412?aff=ebdssbdestsearch,"PUMP-KINI ""THE BIKINI CRUISE""","Sun, June 16, 2019",12:00 PM – 5:00 PM EDT,$50 – $90,"Party,Music",New York
https://www.eventbrite.com/e/full-of-hell-primitive-man-genocide-pact-elizabeth-colour-wheel-more-tickets-58103499130?aff=ebdssbdestsearch,"FULL OF HELL, Primitive Man, Genocide Pact, Elizabeth Colour Wheel & more","Fri, June 14, 2019",6:00 PM – 10:00 PM EDT,$15 – $20,"Performance,Music",New York
https://www.eventbrite.com/e/2019-tunnel-to-towers-5k-run-walk-buffalo-ny-registration-58819487671?aff=ebdssbdestsearch,"2019 Tunnel to Towers 5K Run,Walk - Buffalo, NY","Sat, September 7, 2019",9:00 AM – 12:00 PM EDT,$0 – $25,"Race,Charity,Causes",New York
https://www.eventbrite.com/e/graduation-banquet-class-of-2019-tickets-55290027962?aff=ebdssbdestsearch,Graduation Banquet - Class of 2019,"Fri, May 24, 2019",5:30 PM – 9:00 PM EDT,$20 – $61,"Gala,Food,Drink",New York
https://www.eventbrite.com/e/2019-lucille-n-austin-lecture-on-care-for-traumatized-immigrant-children-tickets-59489776523?aff=ebdssbdestsearch,2019 Lucille N. Austin Lecture on Care for Traumatized Immigrant Children,"Thu, April 25, 2019",6:00 PM – 8:30 PM EDT,$0 – $50,"Seminar,Health",New York
https://www.eventbrite.com/e/power-trip-brought-to-you-by-ready-made-tickets-57444506064?aff=ebdssbdestsearch,Power Trip - brought to you by Ready Made,"Sat, May 4, 2019",8:30 PM – 2:00 AM EDT,$40,"Party,Arts",New York
https://www.eventbrite.com/e/rochester-super-saturday-tickets-55940258820?aff=ebdssbdestsearch,Rochester Super Saturday,"Sat, April 13, 2019",11:00 AM – 2:00 PM EDT,$25 – $50,Health,New York
https://www.eventbrite.com/e/totally-free-free-pizza-thurs-night-comedy-show-hilarious-headliners-tickets-36865910932?aff=ebdssbdestsearch,TOTALLY FREE!!! FREE PIZZA! THURS Night Comedy Show! Hilarious Headliners!...,"Thu, April 11, 2019",7:45 PM – 9:45 PM EDT,Free,"Performance,Arts",New York
https://www.eventbrite.com/e/the-jazz-of-mary-ramsey-at-the-hotel-henry-jazz-concert-series-tickets-54898733590?aff=ebdssbdestsearch,The Jazz of Mary Ramsey at the Hotel Henry Jazz Concert Series,"Wed, April 10, 2019",7:30 PM – 9:30 PM EDT,$15,"Performance,Music",New York
https://www.eventbrite.com/e/discover-kenmore-2019-tickets-55137086510?aff=ebdssbdestsearch,DISCOVER KENMORE 2019,"Sat, June 15, 2019",9:00 AM – 4:00 PM EDT,$25 – $105,"Festival,Community",New York
https://www.eventbrite.com/e/habanannewyork-cet-present-cimafunk-en-concierto-en-nyc-tickets-58392576769?aff=ebdssbdestsearch,HabanaN'NewYork & CET present: Cimafunk en Concierto en NYC!,"Tue, April 23, 2019",8:00 PM – 11:30 PM EDT,$25 – $35,"Performance,Arts",New York
https://www.eventbrite.com/e/aeic-pm-subcommittee-conference-spring-19-hosted-by-coned-tickets-56417996747?aff=ebdssbdestsearch,AEIC PM Subcommittee Conference Spring '19 hosted by ConEd,"Mon, Apr 15, 2019",12:00 PM – 1:00 PM EDT,$325,"Conference,Business",New York
https://www.eventbrite.com/e/fandross-bad-boyhaving-a-party-birthday-celebration-2019-tickets-52636326670?aff=ebdssbdestsearch,FANDROSS: Bad Boy/Having a Party Birthday Celebration 2019,"Sat, Apr 20, 2019",10:30 PM EDT,$30 – $50,"Performance,Music",New York
https://www.eventbrite.com/e/reggae-fest-vs-soca-at-playstation-theater-times-square-april-20th-tickets-58497182648?aff=ebdssbdestsearch,"Reggae Fest Vs. Soca at Playstation Theater, Times Square *April 20th*","Sat, Apr 20, 2019",10:00 PM – 4:00 AM EDT,$20,Music,New York
https://www.eventbrite.com/e/the-69-eyes-mxms-the-nocturnal-affair-at-the-kingsland-tickets-55589842716?aff=ebdssbdestsearch,"The 69 Eyes, MXMS, The Nocturnal Affair at The Kingsland","Thu, May 16, 2019",6:00 PM – 11:00 PM EDT,$20 – $99,"Performance,Music",New York
https://www.eventbrite.com/e/hacking-hr-forum-new-york-city-2019-tickets-56040917894?aff=ebdssbdestsearch,Hacking HR Forum New York City 2019,"Thu, April 18, 2019",5:30 PM – 8:30 PM EDT,$30 – $45,"Networking,Business",New York
https://www.eventbrite.com/e/hot-chip-dj-set-jex-opolis-willie-burns-greg-d-tickets-58391743276?aff=ebdssbdestsearch,"Hot Chip (DJ set), Jex Opolis, Willie Burns, Greg D","Sat, Apr 27, 2019",10:00 PM – 5:00 AM EDT,$25,"Performance,Music",New York
https://www.eventbrite.com/e/2019-usa-trade-tasting-exhibitor-registration-portal-registration-46752142918?aff=ebdssbdestsearch,2019 USA Trade Tasting - Exhibitor Registration Portal,"Mon, May 13, 2019",9:00 AM – 4:00 PM EDT,"$3,200","Expo,Food,Drink",New York
https://www.eventbrite.com/e/salsa-brunch-after-party-tickets-58495896802?aff=ebdssbdestsearch,Salsa Brunch + After Party,"Sun, April 7, 2019",11:30 AM – 7:00 PM EDT,Free,"Party,Other",New York
https://www.eventbrite.com/e/kornel-kovacs-juan-maclean-dj-set-mira-fahrenheit-day-cart-b2b-funster-elsewhere-hall-tickets-56587023310?aff=ebdssbdestsearch,"Kornél Kovács, Juan Maclean (DJ Set), Mira Fahrenheit & Day Cart B2B Funste...","Sat, April 6, 2019",11:00 PM EDT,$15 – $25,Music,New York
https://www.eventbrite.com/e/black-midi-tickets-59334541210?aff=ebdssbdestsearch,Black Midi,"Thu, Jul 18, 2019",8:00 PM EDT,$16 – $18,"Performance,Music",New York
https://www.eventbrite.com/e/the-response-of-the-nursing-profession-to-the-challenge-of-adverse-childhood-experiences-aces-tickets-56057703099?aff=ebdssbdestsearch,The Response of the Nursing Profession to the Challenge of Adverse Childhoo...,"Fri, April 12, 2019",8:00 AM – 4:00 PM EDT,$25 – $110,"Conference,Health",New York
https://www.eventbrite.com/e/the-50th-anniversary-of-69-ccny-takeover-registration-57037042329?aff=ebdssbdestsearch,"The 50th Anniversary of ""69 CCNY Takeover","Wed, April 17, 2019",4:00 PM – 8:00 PM EDT,Free,"Networking,Charity,Causes",New York
https://www.eventbrite.com/e/mary-poppins-jr-pelham-childrens-theaters-saturday-evening-tickets-56648639606?aff=ebdssbdestsearch,"Mary Poppins, Jr. Pelham Children's Theater's Saturday Evening","Sat, May 4, 2019",5:00 PM – 8:00 PM EDT,$18,"Performance,Arts",New York
https://www.eventbrite.com/e/animation-nights-new-york-anny-at-the-gutter-tickets-53210615383?aff=ebdssbdestsearch,Animation Nights New York (ANNY) at The Gutter,"Tue, April 16, 2019",8:00 PM – 10:00 PM EDT,Free,"Screening,Film,Media",New York
https://www.eventbrite.com/e/slackfest-three-nights-of-the-slackers-tickets-55026129635?aff=ebdssbdestsearch,SLACKFEST: Three nights of the Slackers,"Fri, May 17, 2019",7:00 PM – 11:00 PM EDT,$18 – $48,"Performance,Music",New York
https://www.eventbrite.com/e/10th-annual-nyc-multicultural-festival-tickets-52064912555?aff=ebdssbdestsearch,10th annual NYC Multicultural Festival,"Sat, June 1, 2019",12:00 PM – 6:00 PM EDT,"$0 – $10,000","Festival,Community",New York
https://www.eventbrite.com/e/earth-with-helms-alee-tickets-58165917826?aff=ebdssbdestsearch,Earth with Helms Alee,"Wed, Jun 19, 2019",7:30 PM – 12:00 AM EDT,$16,"Performance,Music",New York
https://www.eventbrite.com/e/operators-tickets-58824611998?aff=ebdssbdestsearch,Operators,"Thu, Jul 11, 2019",8:00 PM EDT,$17 – $20,"Performance,Music",New York
https://www.eventbrite.com/e/finding-new-yorks-dutch-roots-a-field-guide-led-by-russell-shorto-tickets-55800990264?aff=ebdssbdestsearch,Finding New York’s Dutch Roots: A Field Guide led by Russell Shorto,"Tue, April 16, 2019",6:30 PM – 8:00 PM EDT,$10,"Seminar,Community",New York
https://www.eventbrite.com/e/women-winning-now-new-york-tickets-52444225089?aff=ebdssbdestsearch,Women Winning Now New York,"Sun, June 9, 2019",12:00 PM – 4:00 PM EDT,$100 – $140,"Conference,Other",New York
https://www.eventbrite.com/e/dribbbles-hang-time-new-york-tickets-56596936962?aff=ebdssbdestsearch,Dribbble's Hang Time New York,"Thu, June 6, 2019",7:00 AM – 7:00 PM EDT,$699,"Conference,Arts",New York
https://www.eventbrite.com/e/td-group-presents-brunch-chill-bottomless-brunch-day-party-hookah-tickets-51893647296?aff=ebdssbdestsearch,TD Group Presents: Brunch & Chill - Bottomless Brunch + Day Party + Hookah,"Sat, April 20, 2019",2:00 PM – 10:00 PM EDT,$0 – $100,"Party,Food,Drink",New York
https://www.eventbrite.com/e/nyc-boats-and-smokes-cigar-cruise-live-frank-sinatra-tribute-tickets-55034375298?aff=ebdssbdestsearch,NYC Boats and Smokes Cigar Cruise - Live Frank Sinatra Tribute,"Fri, May 17, 2019",8:00 PM – 10:30 PM EDT,$49 – $75,"Party,Food,Drink",New York
https://www.eventbrite.com/e/innovators-tickets-58452801904?aff=ebdssbdestsearch,Innovators,"Fri, April 26, 2019",7:30 PM – 10:00 PM EDT,Free,"Seminar,Science,Tech",New York
https://www.eventbrite.com/e/cups-2019-all-white-cooler-pool-party-tickets-55472615085?aff=ebdssbdestsearch,CUPS 2019 ALL WHITE COOLER POOL PARTY,"Sat, June 29, 2019",12:00 PM – 10:00 PM EDT,"$40 – $1,700","Party,Music",New York
https://www.eventbrite.com/e/optimists-concert-for-hope-2019-tickets-58591315201?aff=ebdssbdestsearch,Optimists Concert for hope 2019,"Sat, April 6, 2019",6:30 PM – 11:00 PM EDT,Free,"Performance,Charity,Causes",New York
https://www.eventbrite.com/e/amyl-and-the-sniffers-tickets-58130783739?aff=ebdssbdestsearch,Amyl and the Sniffers,"Fri, July 19, 2019",8:00 PM – 11:59 PM EDT,$15 – $17,"Performance,Music",New York
https://www.eventbrite.com/e/8th-annual-knights-outspectrum-gala-tickets-53600060223?aff=ebdssbdestsearch,8th Annual Knights Out/Spectrum Gala,"Sat, April 6, 2019",6:00 PM – 10:00 PM EDT,"$0 – $1,000","Gala,Charity,Causes",New York
https://www.eventbrite.com/e/exhibitor-booth-at-nyc-food-waste-fair-registration-55023738483?aff=ebdssbdestsearch,Exhibitor Booth at NYC Food Waste Fair,"Thu, May 23, 2019",10:00 AM – 6:00 PM EDT,"$1,000","Expo,Food,Drink",New York
https://www.eventbrite.com/e/spontourco-tickets-59487056387?aff=ebdssbdestsearch,SPONTOURCO,"Sun, Jul 21, 2019",7:00 PM EDT,$30,"Performance,Arts",New York
https://www.eventbrite.com/e/2019-nurse-leadership-conference-tickets-52418138062?aff=ebdssbdestsearch,2019 Nurse Leadership Conference,"Wed, May 1, 2019",7:30 AM – 3:45 PM EDT,$135 – $159,"Conference,Health",New York
https://www.eventbrite.com/e/6th-annual-day-of-reflection-signs-of-holiness-in-todays-world-tickets-57116836997?aff=ebdssbdestsearch,6th Annual Day of Reflection: Signs of Holiness in Today's World,"Sat, April 13, 2019",9:00 AM – 5:00 PM EDT,$20,"Seminar,Spirituality",New York
https://www.eventbrite.com/e/soca-uncut-friday-march-29th-tickets-55031876825?aff=ebdssbdestsearch,Soca Uncut - Friday March 29th,"Fri, Apr 5, 2019",10:00 PM – 4:00 AM EDT,$0 – $10,"Party,Other",New York
https://www.eventbrite.com/e/a-taste-of-spring-day-party-tickets-56418889417?aff=ebdssbdestsearch,A TASTE OF SPRING DAY PARTY,"Sun, April 7, 2019",3:00 PM – 10:00 PM EDT,$20 – $30,"Party,Food,Drink",New York
https://www.eventbrite.com/e/nicks-retirement-celebration-tickets-56173345990?aff=ebdssbdestsearch,Nick's RETIREMENT CELEBRATION,"Wed, April 10, 2019",7:00 PM – 11:00 PM EDT,$75,Gala,New York
https://www.eventbrite.com/e/sgs-new-york-planner-conference-2019-general-tickets-59420854375?aff=ebdssbdestsearch,SGS New York Planner Conference 2019- General,"Fri, Sep 13, 2019",7:00 PM – 10:00 PM EDT,$35 – $250,"Conference,Hobbies",New York
https://www.eventbrite.com/e/sister-act-cast-b-broadway-workshop-project-broadway-2019-main-stage-tickets-58442679628?aff=ebdssbdestsearch,SISTER ACT - CAST B - Broadway Workshop & Project Broadway 2019 Main Stage,"Sun, May 5, 2019",6:00 PM – 8:30 PM EDT,$25 – $40,"Performance,Arts",New York
https://www.eventbrite.com/e/adhoc-presents-chris-cohen-tickets-55588710329?aff=ebdssbdestsearch,AdHoc presents: Chris Cohen,"Sat, Apr 13, 2019",10:30 PM EDT,$15,"Performance,Music",New York
https://www.eventbrite.com/e/a-special-evening-with-anna-quindlen-tickets-54731555556?aff=ebdssbdestsearch,A Special Evening with Anna Quindlen,"Tue, April 23, 2019",6:00 PM – 8:30 PM EDT,$35,"Appearance,Film,Media",New York
https://www.eventbrite.com/e/she-got-game-tickets-54315373745?aff=ebdssbdestsearch,SHE GOT GAME,"Sat, Apr 13, 2019",10:00 PM – 3:00 AM EDT,$5 – $10,"Party,Other",New York
https://www.eventbrite.com/e/dueling-pianos-at-nybp-victor-517-show-tickets-57826427401?aff=ebdssbdestsearch,Dueling Pianos at NYBP Victor (5/17 Show),"Fri, May 17, 2019",8:30 PM – 11:30 PM EDT,$20,"Performance,Music",New York
https://www.eventbrite.com/e/benmarl-winery-and-hudson-valley-seafood-all-you-can-eat-seafood-picnic-tickets-57414582562?aff=ebdssbdestsearch,Benmarl Winery and Hudson Valley Seafood All You Can Eat Seafood Picnic,"Sat, May 11, 2019",12:00 PM – 6:00 PM EDT,$15 – $80,"Festival,Food,Drink",New York
https://www.eventbrite.com/e/stardust-vii-vado-mori-july-5th-tickets-55741977756?aff=ebdssbdestsearch,STARDUST VII: Vado Mori - July 5th,"Fri, Jul 5, 2019",3:00 PM – 2:00 AM EDT,$45,"Performance,Music",New York
https://www.eventbrite.com/e/tuesday-night-live-at-chloes-tickets-55609291889?aff=ebdssbdestsearch,TUESDAY NIGHT LIVE AT CHLOE'S,"Tue, Apr 9, 2019",7:00 PM – 2:30 AM EDT,Free,"Party,Music",New York
https://www.eventbrite.com/e/the-bechdel-cast-live-presents-13-going-on-30-tickets-58382300031?aff=ebdssbdestsearch,The Bechdel Cast Live presents 13 Going on 30,"Sun, Apr 28, 2019",7:00 PM EDT,$15 – $20,"Performance,Arts",New York
https://www.eventbrite.com/e/damien-jurado-anna-st-louis-tickets-56216473987?aff=ebdssbdestsearch,"Damien Jurado, Anna St. Louis","Wed, May 15, 2019",7:00 PM EDT,$18 – $20,"Performance,Music",New York
https://www.eventbrite.com/e/cocoon-central-dance-team-the-10th-anniversary-show-tickets-56582268087?aff=ebdssbdestsearch,Cocoon Central Dance Team: The 10th Anniversary Show,"Fri, Apr 26, 2019",8:00 PM EDT,$15,"Performance,Arts",New York
https://www.eventbrite.com/e/amtrac-elsewhere-rooftop-tickets-58667150025?aff=ebdssbdestsearch,Amtrac @ Elsewhere (Rooftop),"Sat, August 17, 2019",2:00 PM EDT,$15 – $20,Music,New York
https://www.eventbrite.com/e/wilson-disease-association-2019-conference-trends-and-innovations-tickets-56337654441?aff=ebdssbdestsearch,Wilson Disease Association 2019 Conference: Trends and Innovations,"Sat, May 4, 2019",8:00 AM – 10:00 PM EDT,"$0 – $1,000","Conference,Health",New York
https://www.eventbrite.com/e/28th-international-conference-on-health-and-environment-global-partners-for-global-solutions-tickets-57202023793?aff=ebdssbdestsearch,28th International Conference on Health and Environment: Global Partners fo...,"Fri, April 26, 2019",10:00 AM – 1:00 PM EDT,Free,"Conference,Government",New York
https://www.eventbrite.com/e/sister-act-cast-a-broadway-workshop-project-broadway-2019-main-stage-tickets-58388891747?aff=ebdssbdestsearch,SISTER ACT - CAST A - Broadway Workshop & Project Broadway 2019 Main Stage,"Fri, May 3, 2019",8:00 PM – 10:30 PM EDT,$25 – $40,"Performance,Arts",New York
https://www.eventbrite.com/e/brandon-wardell-tickets-58733041107?aff=ebdssbdestsearch,Brandon Wardell,"Fri, May 31, 2019",7:30 PM EDT,$15,"Performance,Arts",New York
https://www.eventbrite.com/e/boogie-night-the-remix-an-evening-to-benefit-autism-communities-tickets-55924357258?aff=ebdssbdestsearch,Boogie Night The Remix: an Evening to Benefit Autism Communities!,"Fri, Apr 12, 2019",7:00 PM – 12:00 AM EDT,"$150 – $1,500","Party,Charity,Causes",New York
https://www.eventbrite.com/e/the-get-down-tickets-57290694008?aff=ebdssbdestsearch,The Get Down,"Thu, April 18, 2019",6:00 PM – 10:00 PM EDT,$5 – $25,"Party,Music",New York
https://www.eventbrite.com/e/reggaeton-eclipse-tickets-58455240197?aff=ebdssbdestsearch,Reggaeton Eclipse,"Sat, Apr 6, 2019",11:00 PM – 4:00 AM EDT,$20 – $100,"Party,Other",New York
https://www.eventbrite.com/e/countdown-to-420-ny-tickets-58140505818?aff=ebdssbdestsearch,Countdown to 4/20 NY,"Fri, Apr 19, 2019",9:00 PM – 2:00 AM EDT,"$50 – $1,000","Networking,Food,Drink",New York
https://www.eventbrite.com/e/aviator-sports-brunch-with-the-easter-bunny-tickets-56657192187?aff=ebdssbdestsearch,Aviator Sports Brunch With The Easter Bunny,"Sat, April 13, 2019",12:00 PM – 2:00 PM EDT,$0 – $49,"Party,Holiday",New York
https://www.eventbrite.com/e/take-me-out-2000s-disco-punk-party-free-wrsvp-tickets-59088459172?aff=ebdssbdestsearch,TAKE ME OUT - 2000s DISCO PUNK PARTY - FREE w/RSVP,"Fri, Apr 12, 2019",11:30 PM – 4:00 AM EDT,Free,"Performance,Music",New York
https://www.eventbrite.com/e/what-happened-in-83-weeks-tickets-58138795703?aff=ebdssbdestsearch,What Happened In 83 Weeks,"Mon, April 8, 2019",2:30 PM – 6:00 PM EDT,$39 – $89,"Performance,Film,Media",New York
https://www.eventbrite.com/e/the-2019-games-for-change-festival-tickets-55526268564?aff=ebdssbdestsearch,The 2019 Games for Change Festival,"Mon, Jun 17, 2019",9:30 AM – 6:30 PM EDT,$129 – $429,"Conference,Science,Tech",New York
https://www.eventbrite.com/e/loverboy-tickets-59106839147?aff=ebdssbdestsearch,Loverboy,"Fri, Sep 13, 2019",8:00 PM EDT,$68.50 – $75,"Performance,Music",New York
https://www.eventbrite.com/e/the-great-migration-searching-for-freedom-finding-injustice-tickets-57056977957?aff=ebdssbdestsearch,"The Great Migration: Searching for Freedom, Finding Injustice","Wed, April 10, 2019",6:00 PM – 8:00 PM EDT,Free,"Seminar,Government",New York
https://www.eventbrite.com/e/nprs-ask-me-another-with-vip-guest-retta-tickets-58587773608?aff=ebdssbdestsearch,NPR's Ask Me Another with VIP Guest: Retta,"Wed, Apr 10, 2019",7:30 PM EDT,$15,"Performance,Arts",New York
https://www.eventbrite.com/e/the-felice-bothers-tickets-56138536875?aff=ebdssbdestsearch,The Felice Bothers,"Fri, May 10, 2019",8:00 PM EDT,$20,"Performance,Music",New York
https://www.eventbrite.com/e/canalside-live-series-the-psychedelic-furs-and-james-tickets-59352415673?aff=ebdssbdestsearch,Canalside Live Series: The Psychedelic Furs and James,"Thu, July 18, 2019",5:00 PM – 10:00 PM EDT,$5 – $35,"Performance,Music",New York